{"cameraMode":{"drawMode":0,"name":"Shaded","section":"Shading Mode"},"sceneLighting":false,"audioPlay":false,"sceneViewState":{"m_AlwaysRefresh":true,"showFog":true,"showSkybox":false,"showFlares":true,"showImageEffects":true,"showParticleSystems":true,"showVisualEffectGraphs":true,"m_FxEnabled":true},"in2DMode":false,"pivot":{"x":-1.7950069904327393,"y":3.7370004653930666,"z":7.552334785461426},"rotation":{"x":-0.09491525590419769,"y":-0.8388636708259583,"z":0.15527798235416413,"w":-0.5131275653839111},"size":1.9813340902328492,"orthographic":false}