{"cameraMode":{"drawMode":0,"name":"Shaded","section":"Shading Mode"},"sceneLighting":false,"audioPlay":false,"sceneViewState":{"m_AlwaysRefresh":true,"showFog":true,"showSkybox":false,"showFlares":true,"showImageEffects":true,"showParticleSystems":true,"showVisualEffectGraphs":true,"m_FxEnabled":true},"in2DMode":false,"pivot":{"x":1.3200000524520875,"y":2.1979281902313234,"z":-0.1674482822418213},"rotation":{"x":-0.00542128412052989,"y":-0.9893805384635925,"z":0.14043545722961427,"w":-0.03857608512043953},"size":1.9352988004684449,"orthographic":false}