{"cameraMode":{"drawMode":0,"name":"Shaded","section":"Shading Mode"},"sceneLighting":true,"audioPlay":false,"sceneViewState":{"m_AlwaysRefresh":true,"showFog":true,"showSkybox":false,"showFlares":true,"showImageEffects":true,"showParticleSystems":true,"showVisualEffectGraphs":true,"m_FxEnabled":true},"in2DMode":false,"pivot":{"x":-10.147281646728516,"y":1.9349464178085328,"z":14.3861665725708},"rotation":{"x":0.10133566707372666,"y":0.7086623907089233,"z":-0.08313388377428055,"w":0.6934269666671753},"size":1.1154407262802125,"orthographic":false}