{"cameraMode":{"drawMode":0,"name":"Shaded","section":"Shading Mode"},"sceneLighting":false,"audioPlay":false,"sceneViewState":{"m_AlwaysRefresh":true,"showFog":true,"showSkybox":false,"showFlares":true,"showImageEffects":true,"showParticleSystems":true,"showVisualEffectGraphs":true,"m_FxEnabled":false},"in2DMode":false,"pivot":{"x":-1.5671343803405762,"y":0.9148850440979004,"z":0.7885339856147766},"rotation":{"x":0.025100234895944597,"y":-0.5548142194747925,"z":0.013748032040894032,"w":0.832092821598053},"size":1.7320512533187867,"orthographic":false}