{"cameraMode":{"drawMode":0,"name":"Shaded","section":"Shading Mode"},"sceneLighting":false,"audioPlay":false,"sceneViewState":{"m_AlwaysRefresh":true,"showFog":true,"showSkybox":false,"showFlares":true,"showImageEffects":true,"showParticleSystems":true,"showVisualEffectGraphs":true,"m_FxEnabled":true},"in2DMode":false,"pivot":{"x":-3.794259548187256,"y":1.9627195596694947,"z":4.457616806030273},"rotation":{"x":0.049028705805540088,"y":0.7770203351974487,"z":-0.06096305698156357,"w":0.6246445775032044},"size":0.8660253882408142,"orthographic":false}