{"cameraMode":{"drawMode":0,"name":"Shaded","section":"Shading Mode"},"sceneLighting":false,"audioPlay":false,"sceneViewState":{"m_AlwaysRefresh":true,"showFog":true,"showSkybox":false,"showFlares":true,"showImageEffects":true,"showParticleSystems":true,"showVisualEffectGraphs":true,"m_FxEnabled":true},"in2DMode":false,"pivot":{"x":0.7066322565078735,"y":6.636891841888428,"z":-3.032442331314087},"rotation":{"x":0.13765929639339448,"y":-0.2609875798225403,"z":0.052483439445495608,"w":0.9541445970535278},"size":0.8030076622962952,"orthographic":false}